

Washington,,washington,,47.50012,,-120.50147,,30,,40||



Washington,,washington,,47.50012,,-120.50147,,31,,41||
Washington,,washington,,47.50012,,-120.50147,,12,,22||Washington,,washington,,47.50012,,-120.50147,,136,,146||
Washington,,washington,,47.50012,,-120.50147,,12,,22||

Washington,,washington,,47.50012,,-120.50147,,99,,109||










Washington,,washington,,47.50012,,-120.50147,,100,,110||















North America,,u.s,,46.07323,,-100.54688,,42,,45||




Washington,,washington,,47.50012,,-120.50147,,100,,110||







North America,,u.s,,46.07323,,-100.54688,,45,,48||Kerouane Prefecture,,k-15,,9.16667,,-9.08333,,57,,61||



Washington,,washington,,47.50012,,-120.50147,,12,,22||



Buenos Aires,,city,,-34.61315,,-58.37723,,69,,74||











Washington,,washington,,47.50012,,-120.50147,,0,,10||



Washington,,washington,,47.50012,,-120.50147,,100,,110||


Washington,,washington,,47.50012,,-120.50147,,100,,110||














Washington,,washington,,47.50012,,-120.50147,,74,,84||









Washington,,washington,,47.50012,,-120.50147,,0,,10||
Washington,,washington,,47.50012,,-120.50147,,99,,109||



Washington,,washington,,47.50012,,-120.50147,,101,,111||



Washington,,washington,,47.50012,,-120.50147,,12,,22||
Washington,,washington,,47.50012,,-120.50147,,102,,112||










Buenos Aires,,city,,-34.61315,,-58.37723,,56,,61||

Buenos Aires,,city,,-34.61315,,-58.37723,,81,,86||





Washington,,washington,,47.50012,,-120.50147,,101,,111||











Washington,,washington,,47.50012,,-120.50147,,100,,110||
Washington,,washington,,47.50012,,-120.50147,,472,,482||



Washington,,washington,,47.50012,,-120.50147,,472,,482||




Washington,,washington,,47.50012,,-120.50147,,66,,76||


Washington,,washington,,47.50012,,-120.50147,,101,,111||






























































Illinois National Guard 183rd Tactical Fire Department,,183rd,,39.84561,,-89.66487,,590,,595||
































Florida,,florida,,28.75054,,-82.5001,,91,,98||














































East 144th Street Sub-Station,,144th,,40.81677,,-73.92736,,67,,72||










New York-Northern New Jersey-Long Island,,county,,40.75766,,-73.91327,,75,,82||



















































































New York-Northern New Jersey-Long Island,,county,,40.75766,,-73.91327,,49,,56||
New York-Northern New Jersey-Long Island,,county,,40.75766,,-73.91327,,25,,32||

New York-Northern New Jersey-Long Island,,county,,40.75766,,-73.91327,,25,,32||
New York-Northern New Jersey-Long Island,,county,,40.75766,,-73.91327,,25,,32||

New York-Northern New Jersey-Long Island,,county,,40.75766,,-73.91327,,53,,60||
New York-Northern New Jersey-Long Island,,county,,40.75766,,-73.91327,,25,,32||




























London,,london,,51.49227,,-0.30864,,27,,33||






North America,,america,,46.07323,,-100.54688,,32,,39||


















North America,,u.s,,46.07323,,-100.54688,,222,,225||






















































North America,,u.s,,46.07323,,-100.54688,,50,,53||


























New York-Northern New Jersey-Long Island,,county,,40.75766,,-73.91327,,22,,29||
























Detroit-Warren-Livonia,,warren county,,42.34231,,-83.07175,,99,,112||










New York-Northern New Jersey-Long Island,,county,,40.75766,,-73.91327,,22,,29||
New York-Northern New Jersey-Long Island,,county,,40.75766,,-73.91327,,22,,29||




















































North America,,u.s,,46.07323,,-100.54688,,60,,63||













































































North America,,u.s,,46.07323,,-100.54688,,52,,55||























New York,,york,,43.00035,,-75.4999,,27,,32||
Buenos Aires,,city,,-34.61315,,-58.37723,,4,,9||

New York,,york,,43.00035,,-75.4999,,141,,146||
Buenos Aires,,city,,-34.61315,,-58.37723,,43,,48||


New York-Northern New Jersey-Long Island,,county,,40.75766,,-73.91327,,61,,68||

























































Mexico,,mexico,,23,,-102,,153,,159||







New York-Northern New Jersey-Long Island,,county,,40.75766,,-73.91327,,45,,52||

New York-Northern New Jersey-Long Island,,county,,40.75766,,-73.91327,,110,,117||

New York-Northern New Jersey-Long Island,,county,,40.75766,,-73.91327,,45,,52||

New York-Northern New Jersey-Long Island,,county,,40.75766,,-73.91327,,45,,52||




































Chicago-Naperville-Joliet,,chicago,,41.70778,,-87.89062,,54,,61||
Washington,,washington,,47.50012,,-120.50147,,21,,31||



































North America,,u.s,,46.07323,,-100.54688,,97,,100||










New York-Northern New Jersey-Long Island,,county,,40.75766,,-73.91327,,30,,36||































































New York-Northern New Jersey-Long Island,,county,,40.75766,,-73.91327,,70,,77||



New York-Northern New Jersey-Long Island,,county -,,40.75766,,-73.91327,,19,,30||
New York-Northern New Jersey-Long Island,,county,,40.75766,,-73.91327,,21,,28||
New York-Northern New Jersey-Long Island,,county,,40.75766,,-73.91327,,21,,28||

New York-Northern New Jersey-Long Island,,county,,40.75766,,-73.91327,,24,,31||
New York-Northern New Jersey-Long Island,,county,,40.75766,,-73.91327,,41,,48||



















Senäte,,senate,,58.63333,,13.15,,6,,13||



















































West Virginia Air National Guard 130th Airlift Wing Fire Department Yeager Airport,,130th,,38.37356,,-81.59065,,92,,97||















































New York-Northern New Jersey-Long Island,,county,,40.75766,,-73.91327,,21,,28||

New York-Northern New Jersey-Long Island,,county,,40.75766,,-73.91327,,21,,28||
New York-Northern New Jersey-Long Island,,county,,40.75766,,-73.91327,,21,,28||











New York-Northern New Jersey-Long Island,,county,,40.75766,,-73.91327,,24,,31||
New York-Northern New Jersey-Long Island,,county,,40.75766,,-73.91327,,24,,31||

























North America,,u.s,,46.07323,,-100.54688,,56,,59||




Illinois Route 66 Museum,,66 museum (,,40.88104,,-88.62885,,21,,33||
























North America,,u.s,,46.07323,,-100.54688,,45,,48||




















































North America,,u.s,,46.07323,,-100.54688,,95,,98||
North America,,u.s,,46.07323,,-100.54688,,95,,98||

North America,,u.s,,46.07323,,-100.54688,,114,,117||
New York-Northern New Jersey-Long Island,,county,,40.75766,,-73.91327,,32,,39||

New York-Northern New Jersey-Long Island,,county,,40.75766,,-73.91327,,32,,39||
New York-Northern New Jersey-Long Island,,county,,40.75766,,-73.91327,,32,,39||





























New York-Northern New Jersey-Long Island,,county,,40.75766,,-73.91327,,33,,40||
New York-Northern New Jersey-Long Island,,county,,40.75766,,-73.91327,,33,,40||
New York-Northern New Jersey-Long Island,,county,,40.75766,,-73.91327,,114,,121||
New York-Northern New Jersey-Long Island,,county,,40.75766,,-73.91327,,114,,121||

New York-Northern New Jersey-Long Island,,county,,40.75766,,-73.91327,,41,,48||
New York-Northern New Jersey-Long Island,,county,,40.75766,,-73.91327,,58,,65||

New York-Northern New Jersey-Long Island,,county,,40.75766,,-73.91327,,58,,65||



















New York-Northern New Jersey-Long Island,,county,,40.75766,,-73.91327,,36,,42||


































































































































































































New 123rd Street Block Association Garden,,123rd,,40.80667,,-73.9475,,173,,178||













































Chicago-Naperville-Joliet,,chicago,,41.70778,,-87.89062,,77,,84||






New York-Northern New Jersey-Long Island,,county,,40.75766,,-73.91327,,19,,26||














New York-Northern New Jersey-Long Island,,county,,40.75766,,-73.91327,,19,,26||

New York-Northern New Jersey-Long Island,,county,,40.75766,,-73.91327,,19,,26||
New York-Northern New Jersey-Long Island,,county,,40.75766,,-73.91327,,19,,26||




































Chicago-Naperville-Joliet,,chicago,,41.70778,,-87.89062,,11,,18||























Earth,,earth,,0,,0,,31,,36||




















North America,,u.s,,46.07323,,-100.54688,,152,,155||
































































North America,,u.s,,46.07323,,-100.54688,,96,,99||
North America,,u.s,,46.07323,,-100.54688,,96,,99||



































North America,,u.s,,46.07323,,-100.54688,,37,,40||













Hotel der Platengarten,,hotels,,49.30186,,10.57729,,43,,49||



























New York-Northern New Jersey-Long Island,,county,,40.75766,,-73.91327,,49,,56||
New York-Northern New Jersey-Long Island,,county,,40.75766,,-73.91327,,58,,65||
New York-Northern New Jersey-Long Island,,county,,40.75766,,-73.91327,,30,,37||

New York-Northern New Jersey-Long Island,,county,,40.75766,,-73.91327,,35,,42||













New York-Northern New Jersey-Long Island,,county,,40.75766,,-73.91327,,24,,31||








Standoff Fort (Whiskey Post) Provincial Historic Site (Undeveloped),,whiskey.historic,,49.48329,,-113.31861,,77,,93||


















North America,,u.s,,46.07323,,-100.54688,,37,,40||





































New York-Northern New Jersey-Long Island,,county,,40.75766,,-73.91327,,27,,34||
























































































































































North America,,u.s,,46.07323,,-100.54688,,168,,171||






New York-Northern New Jersey-Long Island,,county,,40.75766,,-73.91327,,34,,41||
New York-Northern New Jersey-Long Island,,county,,40.75766,,-73.91327,,21,,28||
New York-Northern New Jersey-Long Island,,county,,40.75766,,-73.91327,,21,,28||

New York-Northern New Jersey-Long Island,,county,,40.75766,,-73.91327,,63,,70||
New York-Northern New Jersey-Long Island,,county,,40.75766,,-73.91327,,21,,28||































North America,,u.s,,46.07323,,-100.54688,,74,,77||









































































































































Hartselle,,morgan's,,34.44343,,-86.93528,,74,,82||


























Trustee Hall,,trustee,,41.04585,,-92.39463,,10,,17||



























































North America,,u.s,,46.07323,,-100.54688,,53,,56||



















































































































































North America,,(usa,,46.07323,,-100.54688,,39,,44||






















New York-Northern New Jersey-Long Island,,county,,40.75766,,-73.91327,,66,,73||

New York-Northern New Jersey-Long Island,,county,,40.75766,,-73.91327,,11,,18||













































































































































North America,,u.s,,46.07323,,-100.54688,,86,,89||







































































































































North America,,u.s,,46.07323,,-100.54688,,62,,65||












































































































Sydney,,city's,,-33.86785,,151.20732,,61,,68||



































New York City,,york city,,40.71427,,-74.00597,,104,,114||




































Buenos Aires,,city,,-34.61315,,-58.37723,,44,,49||

























New York-Northern New Jersey-Long Island,,county,,40.75766,,-73.91327,,49,,56||



























































































































































New York-Northern New Jersey-Long Island,,county,,40.75766,,-73.91327,,43,,50||



New York-Northern New Jersey-Long Island,,county,,40.75766,,-73.91327,,75,,82||























































































































































































































Kōṯah-ye Naz̧ar ‘Alī,,i-405,,34.36889,,68.31583,,190,,195||













































































































































































































New York-Northern New Jersey-Long Island,,county,,40.75766,,-73.91327,,28,,35||

New York-Northern New Jersey-Long Island,,county,,40.75766,,-73.91327,,28,,35||
New York-Northern New Jersey-Long Island,,county,,40.75766,,-73.91327,,32,,39||
North America,,u.s,,46.07323,,-100.54688,,65,,68||
New York-Northern New Jersey-Long Island,,county,,40.75766,,-73.91327,,28,,35||

New York-Northern New Jersey-Long Island,,county,,40.75766,,-73.91327,,28,,35||

























































Senäte,,senate,,58.63333,,13.15,,140,,147||































































Buenos Aires,,city,,-34.61315,,-58.37723,,22,,27||





















































































































































California,,california,,37.25022,,-119.75126,,285,,295||
California,,california,,37.25022,,-119.75126,,110,,120||







Mid-Atlantic Ridge,,mid-atlantic,,0,,-20,,77,,89||
































Republic of Ghana,,coast,,8.1,,-1.2,,92,,98||






































New York-Northern New Jersey-Long Island,,county,,40.75766,,-73.91327,,20,,27||

New York-Northern New Jersey-Long Island,,county,,40.75766,,-73.91327,,105,,112||
New York-Northern New Jersey-Long Island,,county,,40.75766,,-73.91327,,20,,27||


































Europe,,al):,,48.69096,,9.14062,,49,,53||








































































































Buenos Aires,,city,,-34.61315,,-58.37723,,23,,29||
Buenos Aires,,city,,-34.61315,,-58.37723,,14,,20||
Buenos Aires,,city,,-34.61315,,-58.37723,,40,,46||
Buenos Aires,,city,,-34.61315,,-58.37723,,51,,57||
Buenos Aires,,city,,-34.61315,,-58.37723,,14,,20||


Buenos Aires,,city,,-34.61315,,-58.37723,,14,,20||

Buenos Aires,,city,,-34.61315,,-58.37723,,17,,23||

Buenos Aires,,city,,-34.61315,,-58.37723,,17,,23||

Buenos Aires,,city,,-34.61315,,-58.37723,,14,,20||
Buenos Aires,,city,,-34.61315,,-58.37723,,33,,39||
Buenos Aires,,city,,-34.61315,,-58.37723,,14,,20||
Buenos Aires,,city,,-34.61315,,-58.37723,,176,,182||
Buenos Aires,,city,,-34.61315,,-58.37723,,78,,84||
Buenos Aires,,city,,-34.61315,,-58.37723,,14,,20||
Buenos Aires,,city,,-34.61315,,-58.37723,,14,,20||






















Buenos Aires,,city,,-34.61315,,-58.37723,,32,,37||

Buenos Aires,,city,,-34.61315,,-58.37723,,94,,99||
Buenos Aires,,city,,-34.61315,,-58.37723,,48,,53||






























Las Vegas,,'s old,,36.17497,,-115.13722,,78,,85||






















































































New York-Northern New Jersey-Long Island,,county,,40.75766,,-73.91327,,21,,28||























































































Partido de Zárate,,b.f,,-34,,-59.16667,,0,,3||

































































































































































California,,california,,37.25022,,-119.75126,,325,,335||











































City of Cleveland,,/state/-/cleveland/,,41.47926,,-81.68022,,36,,55||

















Buenos Aires,,city,,-34.61315,,-58.37723,,25,,30||














Houston-Sugar Land-Baytown,,houston,,29.73576,,-95.3064,,58,,65||


































North America,,u.s,,46.07323,,-100.54688,,44,,47||














Mexico,,mexico,,23,,-102,,87,,93||



























































































































North America,,u.s,,46.07323,,-100.54688,,42,,45||




















Buenos Aires,,city,,-34.61315,,-58.37723,,242,,248||








Buenos Aires,,city,,-34.61315,,-58.37723,,98,,104||






































































































People’s Republic of China,,'s,,35,,105,,16,,19||
Buenos Aires,,city,,-34.61315,,-58.37723,,155,,161||
Buenos Aires,,city,,-34.61315,,-58.37723,,82,,88||







Buenos Aires,,city,,-34.61315,,-58.37723,,82,,88||



















































New York-Northern New Jersey-Long Island,,county,,40.75766,,-73.91327,,425,,432||

































































Buenos Aires,,city,,-34.61315,,-58.37723,,194,,200||


Buenos Aires,,city,,-34.61315,,-58.37723,,108,,114||










































































































































































New York-Northern New Jersey-Long Island,,county,,40.75766,,-73.91327,,43,,50||




































Buenos Aires,,city,,-34.61315,,-58.37723,,165,,170||


















Washington,,washington,,47.50012,,-120.50147,,29,,39||West Side Highway,,highway,,46.18399,,-122.91715,,92,,100||













New York-Northern New Jersey-Long Island,,county,,40.75766,,-73.91327,,26,,33||

New York-Northern New Jersey-Long Island,,county,,40.75766,,-73.91327,,26,,33||
New York-Northern New Jersey-Long Island,,county,,40.75766,,-73.91327,,26,,33||
New York-Northern New Jersey-Long Island,,county,,40.75766,,-73.91327,,59,,66||

New York-Northern New Jersey-Long Island,,county,,40.75766,,-73.91327,,59,,66||








New York-Northern New Jersey-Long Island,,county,,40.75766,,-73.91327,,48,,55||


























































































































New York-Northern New Jersey-Long Island,,county,,40.75766,,-73.91327,,38,,45||

New York-Northern New Jersey-Long Island,,county,,40.75766,,-73.91327,,38,,45||

New York-Northern New Jersey-Long Island,,county,,40.75766,,-73.91327,,38,,45||






























London,,london,,51.49227,,-0.30864,,169,,175||





New York City,,york city,,40.71427,,-74.00597,,34,,44||









































































